versao,maquina,nucleos,W,H,config,n,tempo,tempo_min,tempo_max,speedup,eficiencia,t_calc,t_com,desbal,checksum
sequencial,DESKTOP-VGINSHI,12,600,600,-,1,0.256884,0.249844,0.268409,,,,,,63906087
sequencial,DESKTOP-VGINSHI,12,1000,1000,-,1,0.72697,0.683037,0.766929,,,,,,177507041
sequencial,DESKTOP-VGINSHI,12,1600,1600,-,1,1.706841,1.681454,1.745654,,,,,,454328600
sequencial,DESKTOP-VGINSHI,12,2200,2200,-,1,3.248991,3.236246,3.27162,,,,,,858878868
openmp,DESKTOP-VGINSHI,12,600,600,"dynamic,1,reduction",1,0.235135,0.222281,0.235793,1.0924958002849428,1.0924958002849428,,,,63906087
openmp,DESKTOP-VGINSHI,12,600,600,"dynamic,1,reduction",2,0.120884,0.119544,0.124684,2.1250454981635287,1.0625227490817644,,,,63906087
openmp,DESKTOP-VGINSHI,12,600,600,"dynamic,1,reduction",4,0.064333,0.06427,0.066728,3.9930362333483593,0.9982590583370898,,,,63906087
openmp,DESKTOP-VGINSHI,12,600,600,"dynamic,1,reduction",6,0.04682,0.046269,0.048922,5.4866296454506625,0.914438274241777,,,,63906087
openmp,DESKTOP-VGINSHI,12,600,600,"dynamic,1,reduction",8,0.036468,0.036084,0.037193,7.044093451793353,0.8805116814741691,,,,63906087
openmp,DESKTOP-VGINSHI,12,600,600,"dynamic,1,reduction",12,0.049236,0.043063,0.055472,5.217401901048014,0.43478349175400116,,,,63906087
openmp,DESKTOP-VGINSHI,12,1000,1000,"dynamic,1,reduction",1,0.651595,0.637585,0.713922,1.1156776832234747,1.1156776832234747,,,,177507041
openmp,DESKTOP-VGINSHI,12,1000,1000,"dynamic,1,reduction",2,0.331568,0.328504,0.340083,2.192521594363751,1.0962607971818754,,,,177507041
openmp,DESKTOP-VGINSHI,12,1000,1000,"dynamic,1,reduction",4,0.183285,0.173135,0.186669,3.966336579643724,0.991584144910931,,,,177507041
openmp,DESKTOP-VGINSHI,12,1000,1000,"dynamic,1,reduction",6,0.14602,0.133666,0.153132,4.978564580194494,0.829760763365749,,,,177507041
openmp,DESKTOP-VGINSHI,12,1000,1000,"dynamic,1,reduction",8,0.11052,0.108587,0.114195,6.577723488961275,0.8222154361201593,,,,177507041
openmp,DESKTOP-VGINSHI,12,1000,1000,"dynamic,1,reduction",12,0.130596,0.09968,0.135565,5.566556402952617,0.46387970024605146,,,,177507041
openmp,DESKTOP-VGINSHI,12,1600,1600,"dynamic,1,reduction",1,1.663911,1.650492,1.902459,1.0258006588092754,1.0258006588092754,,,,454328600
openmp,DESKTOP-VGINSHI,12,1600,1600,"dynamic,1,reduction",2,0.944919,0.918357,0.963769,1.806335781162195,0.9031678905810975,,,,454328600
openmp,DESKTOP-VGINSHI,12,1600,1600,"dynamic,1,reduction",4,0.48661,0.478212,0.492537,3.5076159552824646,0.8769039888206162,,,,454328600
openmp,DESKTOP-VGINSHI,12,1600,1600,"dynamic,1,reduction",6,0.340909,0.338223,0.34313,5.006734935129316,0.8344558225215527,,,,454328600
openmp,DESKTOP-VGINSHI,12,1600,1600,"dynamic,1,reduction",8,0.295377,0.285553,0.308533,5.778516946140018,0.7223146182675022,,,,454328600
openmp,DESKTOP-VGINSHI,12,1600,1600,"dynamic,1,reduction",12,0.30286,0.281612,0.304912,5.635742587334081,0.46964521561117345,,,,454328600
openmp,DESKTOP-VGINSHI,12,2200,2200,"dynamic,1,reduction",1,3.339005,3.33712,3.378156,0.9730416695991772,0.9730416695991772,,,,858878868
openmp,DESKTOP-VGINSHI,12,2200,2200,"dynamic,1,reduction",2,1.732095,1.699006,1.760917,1.8757579693954434,0.9378789846977217,,,,858878868
openmp,DESKTOP-VGINSHI,12,2200,2200,"dynamic,1,reduction",4,0.918274,0.904472,0.934207,3.5381498332741645,0.8845374583185411,,,,858878868
openmp,DESKTOP-VGINSHI,12,2200,2200,"dynamic,1,reduction",6,0.691846,0.688633,0.715202,4.696118789441582,0.7826864649069303,,,,858878868
openmp,DESKTOP-VGINSHI,12,2200,2200,"dynamic,1,reduction",8,0.575404,0.542763,0.597344,5.646451884241333,0.7058064855301667,,,,858878868
openmp,DESKTOP-VGINSHI,12,2200,2200,"dynamic,1,reduction",12,0.483329,0.481697,0.529572,6.722110612026177,0.5601758843355148,,,,858878868
openmp_politica,DESKTOP-VGINSHI,12,2200,2200,"static,1",2,1.757476,1.746464,1.804136,1.8486687727172377,,,,,858878868
openmp_politica,DESKTOP-VGINSHI,12,2200,2200,"static,1",4,0.912741,0.907663,0.913854,3.5595979582378794,,,,,858878868
openmp_politica,DESKTOP-VGINSHI,12,2200,2200,"static,1",6,0.682485,0.646526,0.685807,4.7605310006813335,,,,,858878868
openmp_politica,DESKTOP-VGINSHI,12,2200,2200,"static,1",8,0.656427,0.621121,0.658478,4.949508475428342,,,,,858878868
openmp_politica,DESKTOP-VGINSHI,12,2200,2200,"static,1",12,0.575385,0.570219,0.647539,5.646638337808597,,,,,858878868
openmp_politica,DESKTOP-VGINSHI,12,2200,2200,"static,10",2,1.772449,1.696759,1.791261,1.8330518959924942,,,,,858878868
openmp_politica,DESKTOP-VGINSHI,12,2200,2200,"static,10",4,0.939476,0.927061,0.943004,3.4583012232350803,,,,,858878868
openmp_politica,DESKTOP-VGINSHI,12,2200,2200,"static,10",6,0.663748,0.658405,0.673612,4.894916444192676,,,,,858878868
openmp_politica,DESKTOP-VGINSHI,12,2200,2200,"static,10",8,0.582237,0.530544,0.65143,5.580186418932497,,,,,858878868
openmp_politica,DESKTOP-VGINSHI,12,2200,2200,"static,10",12,0.568171,0.54315,0.598673,5.718333037061027,,,,,858878868
openmp_politica,DESKTOP-VGINSHI,12,2200,2200,"static,0",2,1.732572,1.712254,1.740126,1.8752415484031832,,,,,858878868
openmp_politica,DESKTOP-VGINSHI,12,2200,2200,"static,0",4,1.638699,1.609189,1.65731,1.9826649067339397,,,,,858878868
openmp_politica,DESKTOP-VGINSHI,12,2200,2200,"static,0",6,1.285856,1.283053,1.288461,2.5267144999128983,,,,,858878868
openmp_politica,DESKTOP-VGINSHI,12,2200,2200,"static,0",8,1.083191,1.07079,1.095969,2.9994626986376365,,,,,858878868
openmp_politica,DESKTOP-VGINSHI,12,2200,2200,"static,0",12,0.82926,0.80799,0.907545,3.917940091165618,,,,,858878868
openmp_politica,DESKTOP-VGINSHI,12,2200,2200,"dynamic,1",2,1.811342,1.758398,1.828777,1.7936927427288718,,,,,858878868
openmp_politica,DESKTOP-VGINSHI,12,2200,2200,"dynamic,1",4,0.930431,0.875113,1.027135,3.491920411078307,,,,,858878868
openmp_politica,DESKTOP-VGINSHI,12,2200,2200,"dynamic,1",6,0.747637,0.694472,0.762668,4.345679788453488,,,,,858878868
openmp_politica,DESKTOP-VGINSHI,12,2200,2200,"dynamic,1",8,0.555131,0.548427,0.6255,5.852656400020896,,,,,858878868
openmp_politica,DESKTOP-VGINSHI,12,2200,2200,"dynamic,1",12,0.50491,0.452288,0.528688,6.434792339228774,,,,,858878868
openmp_politica,DESKTOP-VGINSHI,12,2200,2200,"dynamic,10",2,1.683182,1.673368,1.873603,1.9302671962984397,,,,,858878868
openmp_politica,DESKTOP-VGINSHI,12,2200,2200,"dynamic,10",4,0.870881,0.851846,0.967535,3.7306945495423602,,,,,858878868
openmp_politica,DESKTOP-VGINSHI,12,2200,2200,"dynamic,10",6,0.730984,0.702635,0.771766,4.444681415735502,,,,,858878868
openmp_politica,DESKTOP-VGINSHI,12,2200,2200,"dynamic,10",8,0.564318,0.557854,0.706642,5.757376160250073,,,,,858878868
openmp_politica,DESKTOP-VGINSHI,12,2200,2200,"dynamic,10",12,0.547879,0.54107,0.587926,5.930125082363077,,,,,858878868
openmp_politica,DESKTOP-VGINSHI,12,2200,2200,"dynamic,0",2,1.796147,1.771169,1.87563,1.808866980263865,,,,,858878868
openmp_politica,DESKTOP-VGINSHI,12,2200,2200,"dynamic,0",4,0.93156,0.919761,0.962795,3.487688393662244,,,,,858878868
openmp_politica,DESKTOP-VGINSHI,12,2200,2200,"dynamic,0",6,0.665257,0.662004,0.683216,4.883813323272059,,,,,858878868
openmp_politica,DESKTOP-VGINSHI,12,2200,2200,"dynamic,0",8,0.568333,0.554916,0.582593,5.716703059649889,,,,,858878868
openmp_politica,DESKTOP-VGINSHI,12,2200,2200,"dynamic,0",12,0.519124,0.51071,0.568658,6.258602954207473,,,,,858878868
openmp_politica,DESKTOP-VGINSHI,12,2200,2200,"guided,1",2,1.739562,1.69119,1.746289,1.8677063536683371,,,,,858878868
openmp_politica,DESKTOP-VGINSHI,12,2200,2200,"guided,1",4,1.292009,1.274607,1.321962,2.5146813992781785,,,,,858878868
openmp_politica,DESKTOP-VGINSHI,12,2200,2200,"guided,1",6,0.933758,0.929888,0.965043,3.479478622940848,,,,,858878868
openmp_politica,DESKTOP-VGINSHI,12,2200,2200,"guided,1",8,0.730456,0.723336,0.745447,4.447894192121086,,,,,858878868
openmp_politica,DESKTOP-VGINSHI,12,2200,2200,"guided,1",12,0.669189,0.665727,0.683604,4.855117164209214,,,,,858878868
openmp_politica,DESKTOP-VGINSHI,12,2200,2200,"guided,10",2,1.770562,1.732669,1.807487,1.8350054954302646,,,,,858878868
openmp_politica,DESKTOP-VGINSHI,12,2200,2200,"guided,10",4,1.316009,1.278559,1.35718,2.4688212618606715,,,,,858878868
openmp_politica,DESKTOP-VGINSHI,12,2200,2200,"guided,10",6,0.91139,0.907557,0.972426,3.5648745323077935,,,,,858878868
openmp_politica,DESKTOP-VGINSHI,12,2200,2200,"guided,10",8,0.764651,0.733819,0.782894,4.248985484881339,,,,,858878868
openmp_politica,DESKTOP-VGINSHI,12,2200,2200,"guided,10",12,0.62299,0.592063,0.664021,5.215157546670091,,,,,858878868
openmp_politica,DESKTOP-VGINSHI,12,2200,2200,"guided,0",2,1.733723,1.731502,1.736159,1.8739965957652984,,,,,858878868
openmp_politica,DESKTOP-VGINSHI,12,2200,2200,"guided,0",4,1.276588,1.271992,1.285512,2.5450583900208996,,,,,858878868
openmp_politica,DESKTOP-VGINSHI,12,2200,2200,"guided,0",6,0.924097,0.892959,0.955102,3.5158549373063654,,,,,858878868
openmp_politica,DESKTOP-VGINSHI,12,2200,2200,"guided,0",8,0.751835,0.727757,0.788097,4.321414938118071,,,,,858878868
openmp_politica,DESKTOP-VGINSHI,12,2200,2200,"guided,0",12,0.683977,0.648335,0.694385,4.7501465692559846,,,,,858878868
openmp_reducao,DESKTOP-VGINSHI,12,2200,2200,reduction,12,0.509871,0.503033,0.518562,,,,,,858878868
openmp_reducao,DESKTOP-VGINSHI,12,2200,2200,atomic,12,0.684016,0.616645,0.71124,,,,,,858878868
openmp_reducao,DESKTOP-VGINSHI,12,2200,2200,critical,12,1.207739,1.159436,1.312277,,,,,,858878868
mpi,DESKTOP-VGINSHI,12,600,600,bloco,1,0.256973,0.253401,0.262279,0.9996536601121518,0.9996536601121518,0.254119,0.001259,0.0,63906087
mpi,DESKTOP-VGINSHI,12,600,600,bloco,2,0.134286,0.129959,0.136055,1.9129618873151335,0.9564809436575668,0.132799,0.007048,4.28,63906087
mpi,DESKTOP-VGINSHI,12,600,600,bloco,4,0.133008,0.129186,0.137747,1.9313424756405633,0.4828356189101408,0.135025,0.128127,94.63,63906087
mpi,DESKTOP-VGINSHI,12,600,600,bloco,6,0.117649,0.113866,0.13257,2.183477972613452,0.3639129954355753,0.115317,0.114765,99.07,63906087
mpi,DESKTOP-VGINSHI,12,600,600,bloco,8,0.102451,0.101613,0.110954,2.507384017725547,0.31342300221569336,0.096568,0.0969,99.55,63906087
mpi,DESKTOP-VGINSHI,12,600,600,bloco,12,0.116464,0.088177,0.121035,2.2056944635252096,0.18380787196043413,0.084378,0.085204,99.74,63906087
mpi,DESKTOP-VGINSHI,12,600,600,ciclico,1,0.263395,0.259518,0.263909,0.9752804722944627,0.9752804722944627,0.259633,0.001604,0.0,63906087
mpi,DESKTOP-VGINSHI,12,600,600,ciclico,2,0.133345,0.132773,0.134584,1.9264614346244704,0.9632307173122352,0.128476,0.003027,0.53,63906087
mpi,DESKTOP-VGINSHI,12,600,600,ciclico,4,0.071309,0.0696,0.073241,3.6024064283610766,0.9006016070902692,0.065596,0.002929,2.07,63906087
mpi,DESKTOP-VGINSHI,12,600,600,ciclico,6,0.058015,0.051158,0.058124,4.427889338964062,0.7379815564940103,0.048739,0.002287,4.0,63906087
mpi,DESKTOP-VGINSHI,12,600,600,ciclico,8,0.04641,0.0456,0.051529,5.535100193923723,0.6918875242404654,0.047625,0.01272,24.92,63906087
mpi,DESKTOP-VGINSHI,12,600,600,ciclico,12,0.064949,0.057465,0.078883,3.955164821629278,0.32959706846910647,0.052893,0.023019,40.91,63906087
mpi,DESKTOP-VGINSHI,12,1000,1000,bloco,1,0.692542,0.672838,0.703697,1.0497125084110421,1.0497125084110421,0.682726,0.004616,0.0,177507041
mpi,DESKTOP-VGINSHI,12,1000,1000,bloco,2,0.364545,0.357147,0.367675,1.994184531402159,0.9970922657010794,0.356349,0.007388,0.72,177507041
mpi,DESKTOP-VGINSHI,12,1000,1000,bloco,4,0.374521,0.36165,0.377804,1.9410660550409724,0.4852665137602431,0.371421,0.348991,93.73,177507041
mpi,DESKTOP-VGINSHI,12,1000,1000,bloco,6,0.321343,0.313675,0.329803,2.262286715441133,0.3770477859068555,0.306659,0.305822,99.24,177507041
mpi,DESKTOP-VGINSHI,12,1000,1000,bloco,8,0.299403,0.292195,0.328776,2.428065183047598,0.30350814788094976,0.283368,0.28291,99.43,177507041
mpi,DESKTOP-VGINSHI,12,1000,1000,bloco,12,0.3547,0.322538,0.510441,2.049534818156188,0.17079456817968233,0.488956,0.48979,99.87,177507041
mpi,DESKTOP-VGINSHI,12,1000,1000,ciclico,1,0.697955,0.68126,0.728124,1.0415714480159897,1.0415714480159897,0.717715,0.005755,0.0,177507041
mpi,DESKTOP-VGINSHI,12,1000,1000,ciclico,2,0.368421,0.36768,0.385983,1.9732045676006524,0.9866022838003262,0.361792,0.005985,1.37,177507041
mpi,DESKTOP-VGINSHI,12,1000,1000,ciclico,4,0.213381,0.210576,0.229749,3.4069106434031147,0.8517276608507787,0.216071,0.012408,2.18,177507041
mpi,DESKTOP-VGINSHI,12,1000,1000,ciclico,6,0.159443,0.147549,0.167189,4.55943503320936,0.7599058388682267,0.158438,0.017047,15.2,177507041
mpi,DESKTOP-VGINSHI,12,1000,1000,ciclico,8,0.141683,0.130618,0.172453,5.130961371512461,0.6413701714390576,0.130104,0.020262,16.62,177507041
mpi,DESKTOP-VGINSHI,12,1000,1000,ciclico,12,0.210054,0.207681,0.231852,3.4608719662562963,0.2884059971880247,0.203419,0.123645,53.23,177507041
mpi,DESKTOP-VGINSHI,12,1600,1600,bloco,1,1.757393,1.742738,1.806423,0.9712346640734315,0.9712346640734315,1.780722,0.012541,0.0,454328600
mpi,DESKTOP-VGINSHI,12,1600,1600,bloco,2,1.078737,0.95853,1.08984,1.582258696976186,0.791129348488093,0.940972,0.013056,0.71,454328600
mpi,DESKTOP-VGINSHI,12,1600,1600,bloco,4,0.960625,0.956687,0.968234,1.776802602472349,0.4442006506180872,0.946422,0.894162,94.25,454328600
mpi,DESKTOP-VGINSHI,12,1600,1600,bloco,6,0.879353,0.822514,0.983061,1.9410191356599682,0.3235031892766614,0.950163,0.949456,99.29,454328600
mpi,DESKTOP-VGINSHI,12,1600,1600,bloco,8,0.777365,0.771303,0.784863,2.1956751333028888,0.2744593916628611,0.756048,0.756757,99.61,454328600
mpi,DESKTOP-VGINSHI,12,1600,1600,bloco,12,0.984053,0.811305,1.378259,1.7345010888641161,0.144541757405343,0.786817,0.792885,99.68,454328600
mpi,DESKTOP-VGINSHI,12,1600,1600,ciclico,1,1.818053,1.799806,1.83536,0.9388290660393289,0.9388290660393289,1.770999,0.01231,0.0,454328600
mpi,DESKTOP-VGINSHI,12,1600,1600,ciclico,2,0.95203,0.916685,1.002379,1.7928437129082067,0.8964218564541033,0.927183,0.021206,0.93,454328600
mpi,DESKTOP-VGINSHI,12,1600,1600,ciclico,4,0.49747,0.490482,0.514472,3.431043077974551,0.8577607694936378,0.467114,0.01747,1.62,454328600
mpi,DESKTOP-VGINSHI,12,1600,1600,ciclico,6,0.436558,0.39421,0.441929,3.9097691486583686,0.6516281914430614,0.408524,0.02405,5.08,454328600
mpi,DESKTOP-VGINSHI,12,1600,1600,ciclico,8,0.360174,0.322724,0.377396,4.738934514984424,0.592366814373053,0.341985,0.068333,15.91,454328600
mpi,DESKTOP-VGINSHI,12,1600,1600,ciclico,12,0.468529,0.379398,0.515905,3.6429783428560456,0.30358152857133713,0.352734,0.1644,47.72,454328600
mpi,DESKTOP-VGINSHI,12,2200,2200,bloco,1,3.438503,3.354323,3.450958,0.9448853178258098,0.9448853178258098,3.366163,0.029228,0.0,858878868
mpi,DESKTOP-VGINSHI,12,2200,2200,bloco,2,1.80342,1.773858,1.845257,1.8015720131749677,0.9007860065874839,1.764367,0.024428,0.68,858878868
mpi,DESKTOP-VGINSHI,12,2200,2200,bloco,4,1.812412,1.762125,1.851732,1.7926337940821404,0.4481584485205351,1.802229,1.697761,93.93,858878868
mpi,DESKTOP-VGINSHI,12,2200,2200,bloco,6,1.514046,1.505682,1.552947,2.145899794325932,0.35764996572098867,1.477219,1.465265,98.92,858878868
mpi,DESKTOP-VGINSHI,12,2200,2200,bloco,8,1.371771,1.366632,1.475382,2.3684645615047994,0.29605807018809993,1.3348,1.332364,99.45,858878868
mpi,DESKTOP-VGINSHI,12,2200,2200,bloco,12,1.859831,1.667641,2.001782,1.746928081099842,0.1455773400916535,1.941449,1.947861,99.81,858878868
mpi,DESKTOP-VGINSHI,12,2200,2200,ciclico,1,3.455616,3.36954,3.473264,0.9402060298366486,0.9402060298366486,3.42843,0.02021,0.0,858878868
mpi,DESKTOP-VGINSHI,12,2200,2200,ciclico,2,1.78373,1.734771,1.796988,1.8214589652021327,0.9107294826010663,1.69018,0.036647,0.88,858878868
mpi,DESKTOP-VGINSHI,12,2200,2200,ciclico,4,0.969891,0.955113,1.019381,3.349851684364532,0.837462921091133,0.944104,0.037265,0.93,858878868
mpi,DESKTOP-VGINSHI,12,2200,2200,ciclico,6,0.766049,0.721895,0.807259,4.241231305047067,0.7068718841745111,0.745565,0.073389,5.32,858878868
mpi,DESKTOP-VGINSHI,12,2200,2200,ciclico,8,0.619594,0.611659,0.660475,5.24374186967595,0.6554677337094937,0.564353,0.059159,6.1,858878868
mpi,DESKTOP-VGINSHI,12,2200,2200,ciclico,12,0.886646,0.843652,0.965263,3.6643609738272094,0.3053634144856008,0.851111,0.490783,57.34,858878868
mpi_fraca,DESKTOP-VGINSHI,12,800,800,ciclico,1,0.45501,0.438449,0.469559,,,0.448986,0.002492,0.0,113626256
mpi_fraca,DESKTOP-VGINSHI,12,1131,1131,ciclico,2,0.474579,0.472543,0.500181,,,0.461325,0.01035,0.81,226938635
mpi_fraca,DESKTOP-VGINSHI,12,1600,1600,ciclico,4,0.516698,0.497539,0.539137,,,0.493743,0.016962,1.8,454328600
mpi_fraca,DESKTOP-VGINSHI,12,1960,1960,ciclico,6,0.570866,0.560403,0.606636,,,0.526011,0.028158,2.56,681811330
mpi_fraca,DESKTOP-VGINSHI,12,2263,2263,ciclico,8,0.73947,0.69944,0.85998,,,0.700977,0.093177,14.61,908430891
mpi_fraca,DESKTOP-VGINSHI,12,2771,2771,ciclico,12,1.36445,1.023069,1.57511,,,0.97558,0.41684,43.44,1362112069
openmp_fraca,DESKTOP-VGINSHI,12,800,800,"dynamic,1",1,0.450454,0.44349,0.453248,,,,,,113626256
openmp_fraca,DESKTOP-VGINSHI,12,1131,1131,"dynamic,1",2,0.466141,0.465468,0.470873,,,,,,226938635
openmp_fraca,DESKTOP-VGINSHI,12,1600,1600,"dynamic,1",4,0.491226,0.488833,0.491304,,,,,,454328600
openmp_fraca,DESKTOP-VGINSHI,12,1960,1960,"dynamic,1",6,0.52683,0.524197,0.552015,,,,,,681811330
openmp_fraca,DESKTOP-VGINSHI,12,2263,2263,"dynamic,1",8,0.637126,0.593131,0.658768,,,,,,908430891
openmp_fraca,DESKTOP-VGINSHI,12,2771,2771,"dynamic,1",12,0.809875,0.781256,0.813292,,,,,,1362112069
